<?xml version = '1.0' encoding = 'UTF-8'?>
<relationalModel class="oracle.dbtools.crest.model.design.relational.RelationalDesign" name="Relational_1" id="031722E0-BD47-0AB3-5632-73438B0A9841" mainViewID="2E99B914-9696-7689-25B6-A887AC4A682D">
<createdBy>User</createdBy>
<createdTime>2025-05-28 23:26:49 UTC</createdTime>
<ownerDesignName>DB_ExtremeHelp</ownerDesignName>
<shouldBeOpen>false</shouldBeOpen>
<selectedRDBMSSite>32076570-2523-435C-2E92-BF29817DFF70</selectedRDBMSSite>
</relationalModel>