<?xml version = '1.0' encoding = 'UTF-8'?>
<Entity class="oracle.dbtools.crest.model.design.logical.Entity" directorySegmentName="seg_0" id="73C57ECA-B7B8-07DB-EAD4-911DD2694D84" name="T_EH_DICA_PREPARACAO">
<createdBy>User</createdBy>
<createdTime>2025-05-29 00:19:33 UTC</createdTime>
<ownerDesignName>DB_ExtremeHelp</ownerDesignName>
<engineerTo>
<item key="031722E0-BD47-0AB3-5632-73438B0A9841" value="true"/>
</engineerTo>
<adequatelyNormalized>NO</adequatelyNormalized>
<expectedVolumes>0</expectedVolumes>
<fwdEngineeringStrategyName>Single Table</fwdEngineeringStrategyName>
<growthPercent>0</growthPercent>
<growthType>Year</growthType>
<maxVolumes>9999999</maxVolumes>
<minVolumes>0</minVolumes>
<normalForm>Third</normalForm>
<attributes itemClass="oracle.dbtools.crest.model.design.logical.Attribute">
<Attribute name="CD_DICA" id="D6ED94BE-FBB0-38D0-F21E-D840DF73E92C">
<createdBy>User</createdBy>
<createdTime>2025-05-29 00:20:05 UTC</createdTime>
<ownerDesignName>DB_ExtremeHelp</ownerDesignName>
<engineerTo>
<item key="031722E0-BD47-0AB3-5632-73438B0A9841" value="true"/>
</engineerTo>
<useDomainConstraints>false</useDomainConstraints>
<use>1</use>
<logicalDatatype>LOGDT019</logicalDatatype>
<dataTypePrecision>8</dataTypePrecision>
<ownDataTypeParameters>,8,</ownDataTypeParameters>
</Attribute>
<Attribute name="DS_TITULO" id="BECF38A0-0CD8-6DFE-B153-C44B859C4D9E">
<createdBy>User</createdBy>
<createdTime>2025-05-29 00:21:30 UTC</createdTime>
<ownerDesignName>DB_ExtremeHelp</ownerDesignName>
<engineerTo>
<item key="031722E0-BD47-0AB3-5632-73438B0A9841" value="true"/>
</engineerTo>
<useDomainConstraints>false</useDomainConstraints>
<use>1</use>
<logicalDatatype>LOGDT024</logicalDatatype>
<dataTypeSize>150</dataTypeSize>
<ownDataTypeParameters>150,,</ownDataTypeParameters>
</Attribute>
<Attribute name="DS_CONTEUDO" id="64CBF5D5-1FED-B018-E619-FDDA12224789">
<createdBy>User</createdBy>
<createdTime>2025-05-29 00:22:21 UTC</createdTime>
<ownerDesignName>DB_ExtremeHelp</ownerDesignName>
<engineerTo>
<item key="031722E0-BD47-0AB3-5632-73438B0A9841" value="true"/>
</engineerTo>
<useDomainConstraints>false</useDomainConstraints>
<use>1</use>
<logicalDatatype>LOGDT028</logicalDatatype>
<ownDataTypeParameters>,,</ownDataTypeParameters>
</Attribute>
<Attribute name="DS_CATEGORIA" id="85BF6934-9E5A-7981-C224-305BA3DBECC2">
<createdBy>User</createdBy>
<createdTime>2025-05-29 00:22:42 UTC</createdTime>
<ownerDesignName>DB_ExtremeHelp</ownerDesignName>
<engineerTo>
<item key="031722E0-BD47-0AB3-5632-73438B0A9841" value="true"/>
</engineerTo>
<useDomainConstraints>false</useDomainConstraints>
<use>1</use>
<logicalDatatype>LOGDT024</logicalDatatype>
<dataTypeSize>50</dataTypeSize>
<ownDataTypeParameters>50,,</ownDataTypeParameters>
</Attribute>
<Attribute name="DT_ULTIMA_ATUALIZACAO" id="600F6E2B-6C79-CD8B-61EC-4B1B29CDE0EE">
<createdBy>User</createdBy>
<createdTime>2025-05-29 00:23:18 UTC</createdTime>
<ownerDesignName>DB_ExtremeHelp</ownerDesignName>
<engineerTo>
<item key="031722E0-BD47-0AB3-5632-73438B0A9841" value="true"/>
</engineerTo>
<useDomainConstraints>false</useDomainConstraints>
<use>1</use>
<logicalDatatype>LOGDT007</logicalDatatype>
<ownDataTypeParameters>,,</ownDataTypeParameters>
</Attribute>
</attributes>
<identifiers itemClass="oracle.dbtools.crest.model.design.logical.CandidateKey">
<identifier id="39D43C66-D5CB-C423-A6A8-64B4AAD1B32A" name="PK_DICAS">
<createdBy>User</createdBy>
<createdTime>2025-05-29 00:20:23 UTC</createdTime>
<ownerDesignName>DB_ExtremeHelp</ownerDesignName>
<shouldEngineer>false</shouldEngineer>
<engineerTo>
<item key="031722E0-BD47-0AB3-5632-73438B0A9841" value="false"/>
</engineerTo>
<pk>true</pk>
<newElementsIDs>D6ED94BE-FBB0-38D0-F21E-D840DF73E92C</newElementsIDs>
<usedAttributes>
<attributeRef>D6ED94BE-FBB0-38D0-F21E-D840DF73E92C</attributeRef>
</usedAttributes>
</identifier>
</identifiers>
</Entity>